effective_date,added_ticker,added_security,removed_ticker,removed_security,reason,source,source_url,verified_at,confidence,notes,added_original_ticker,removed_original_ticker
2026-05-07,VEEV,Veeva Systems,CTRA,Coterra Energy,S&P 500 constituent Devon Energy Corp. is acquiring Coterra Energy.,Wikipedia selected S&P 500 component changes bundled seed,https://en.wikipedia.org/wiki/List_of_S%26P_500_companies,2026-06-02,medium,Bundled seed copied from Wikipedia selected changes table because live HTTP fetch can be blocked in CI.,VEEV,CTRA
2026-04-09,CASY,Casey's,HOLX,Hologic,Blackstone Inc. and TPG Inc. acquired Hologic.,Wikipedia selected S&P 500 component changes bundled seed,https://en.wikipedia.org/wiki/List_of_S%26P_500_companies,2026-06-02,medium,Bundled seed copied from Wikipedia selected changes table because live HTTP fetch can be blocked in CI.,CASY,HOLX
2026-03-23,VRT,Vertiv,MTCH,Match Group,Market capitalization change.,Wikipedia selected S&P 500 component changes bundled seed,https://en.wikipedia.org/wiki/List_of_S%26P_500_companies,2026-06-02,medium,Bundled seed copied from Wikipedia selected changes table because live HTTP fetch can be blocked in CI.,VRT,MTCH
2026-03-23,LITE,Lumentum,MOH,Molina Healthcare,Market capitalization change.,Wikipedia selected S&P 500 component changes bundled seed,https://en.wikipedia.org/wiki/List_of_S%26P_500_companies,2026-06-02,medium,Bundled seed copied from Wikipedia selected changes table because live HTTP fetch can be blocked in CI.,LITE,MOH
2026-03-23,COHR,Coherent Corp.,LW,Lamb Weston,Market capitalization change.,Wikipedia selected S&P 500 component changes bundled seed,https://en.wikipedia.org/wiki/List_of_S%26P_500_companies,2026-06-02,medium,Bundled seed copied from Wikipedia selected changes table because live HTTP fetch can be blocked in CI.,COHR,LW
2026-03-23,SATS,EchoStar,PAYC,Paycom,Market capitalization change.,Wikipedia selected S&P 500 component changes bundled seed,https://en.wikipedia.org/wiki/List_of_S%26P_500_companies,2026-06-02,medium,Bundled seed copied from Wikipedia selected changes table because live HTTP fetch can be blocked in CI.,SATS,PAYC
2026-02-09,CIEN,Ciena,DAY,Dayforce,Thoma Bravo L.P. acquired Dayforce.,Wikipedia selected S&P 500 component changes bundled seed,https://en.wikipedia.org/wiki/List_of_S%26P_500_companies,2026-06-02,medium,Bundled seed copied from Wikipedia selected changes table because live HTTP fetch can be blocked in CI.,CIEN,DAY
2025-12-22,CRH,CRH,LKQ,LKQ Corporation,Market capitalization change.,Wikipedia selected S&P 500 component changes bundled seed,https://en.wikipedia.org/wiki/List_of_S%26P_500_companies,2026-06-02,medium,Bundled seed copied from Wikipedia selected changes table because live HTTP fetch can be blocked in CI.,CRH,LKQ
2025-12-22,CVNA,Carvana,SOLS,Solstice Advanced Materials,Market capitalization change.,Wikipedia selected S&P 500 component changes bundled seed,https://en.wikipedia.org/wiki/List_of_S%26P_500_companies,2026-06-02,medium,Bundled seed copied from Wikipedia selected changes table because live HTTP fetch can be blocked in CI.,CVNA,SOLS
2025-12-22,FIX,Comfort Systems USA,MHK,Mohawk Industries,Market capitalization change.,Wikipedia selected S&P 500 component changes bundled seed,https://en.wikipedia.org/wiki/List_of_S%26P_500_companies,2026-06-02,medium,Bundled seed copied from Wikipedia selected changes table because live HTTP fetch can be blocked in CI.,FIX,MHK
2025-09-22,EME,Emcor,ENPH,Enphase Energy,Market capitalization change.,Wikipedia selected S&P 500 component changes bundled seed,https://en.wikipedia.org/wiki/List_of_S%26P_500_companies,2026-06-02,medium,Bundled seed copied from Wikipedia selected changes table because live HTTP fetch can be blocked in CI.,EME,ENPH
2025-09-22,HOOD,Robinhood Markets,CZR,Caesars Entertainment,Market capitalization change.,Wikipedia selected S&P 500 component changes bundled seed,https://en.wikipedia.org/wiki/List_of_S%26P_500_companies,2026-06-02,medium,Bundled seed copied from Wikipedia selected changes table because live HTTP fetch can be blocked in CI.,HOOD,CZR
2025-09-22,APP,AppLovin,MKTX,MarketAxess,Market capitalization change.,Wikipedia selected S&P 500 component changes bundled seed,https://en.wikipedia.org/wiki/List_of_S%26P_500_companies,2026-06-02,medium,Bundled seed copied from Wikipedia selected changes table because live HTTP fetch can be blocked in CI.,APP,MKTX
2025-08-28,IBKR,Interactive Brokers,WBA,Walgreens Boots Alliance,Sycamore Partners acquired Walgreen Boots Alliance.,Wikipedia selected S&P 500 component changes bundled seed,https://en.wikipedia.org/wiki/List_of_S%26P_500_companies,2026-06-02,medium,Bundled seed copied from Wikipedia selected changes table because live HTTP fetch can be blocked in CI.,IBKR,WBA
2025-07-23,XYZ,"Block, Inc.",HES,Hess Corporation,S&P 500 and S&P 100 constituent Chevron Corp. acquired Hess Corporation.,Wikipedia selected S&P 500 component changes bundled seed,https://en.wikipedia.org/wiki/List_of_S%26P_500_companies,2026-06-02,medium,Bundled seed copied from Wikipedia selected changes table because live HTTP fetch can be blocked in CI.,XYZ,HES
2025-07-18,TTD,Trade Desk (The),ANSS,Ansys,S&P 500 constituent Synopsys Inc. acquired Ansys.,Wikipedia selected S&P 500 component changes bundled seed,https://en.wikipedia.org/wiki/List_of_S%26P_500_companies,2026-06-02,medium,Bundled seed copied from Wikipedia selected changes table because live HTTP fetch can be blocked in CI.,TTD,ANSS
2025-07-09,DDOG,Datadog,JNPR,Juniper Networks,S&P 500 constituent Hewlett Packard Enterprise Co. acquired Juniper Networks.,Wikipedia selected S&P 500 component changes bundled seed,https://en.wikipedia.org/wiki/List_of_S%26P_500_companies,2026-06-02,medium,Bundled seed copied from Wikipedia selected changes table because live HTTP fetch can be blocked in CI.,DDOG,JNPR
2025-05-19,COIN,Coinbase,DFS,Discover Financial,S&P 500 constituent Capital One Financial Corp. acquired Discover Financial Services.,Wikipedia selected S&P 500 component changes bundled seed,https://en.wikipedia.org/wiki/List_of_S%26P_500_companies,2026-06-02,medium,Bundled seed copied from Wikipedia selected changes table because live HTTP fetch can be blocked in CI.,COIN,DFS
2025-03-24,DASH,DoorDash,BWA,BorgWarner,Market capitalization change.,Wikipedia selected S&P 500 component changes bundled seed,https://en.wikipedia.org/wiki/List_of_S%26P_500_companies,2026-06-02,medium,Bundled seed copied from Wikipedia selected changes table because live HTTP fetch can be blocked in CI.,DASH,BWA
2025-03-24,TKO,TKO Group Holdings,TFX,Teleflex,Market capitalization change.,Wikipedia selected S&P 500 component changes bundled seed,https://en.wikipedia.org/wiki/List_of_S%26P_500_companies,2026-06-02,medium,Bundled seed copied from Wikipedia selected changes table because live HTTP fetch can be blocked in CI.,TKO,TFX
2025-03-24,WSM,"Williams-Sonoma, Inc.",CE,Celanese,Market capitalization change.,Wikipedia selected S&P 500 component changes bundled seed,https://en.wikipedia.org/wiki/List_of_S%26P_500_companies,2026-06-02,medium,Bundled seed copied from Wikipedia selected changes table because live HTTP fetch can be blocked in CI.,WSM,CE
2025-03-24,EXE,Expand Energy,FMC,FMC Corporation,Market capitalization change.,Wikipedia selected S&P 500 component changes bundled seed,https://en.wikipedia.org/wiki/List_of_S%26P_500_companies,2026-06-02,medium,Bundled seed copied from Wikipedia selected changes table because live HTTP fetch can be blocked in CI.,EXE,FMC
2024-12-23,APO,Apollo Global Management,QRVO,Qorvo,Market capitalization change.,Wikipedia selected S&P 500 component changes bundled seed,https://en.wikipedia.org/wiki/List_of_S%26P_500_companies,2026-06-02,medium,Bundled seed copied from Wikipedia selected changes table because live HTTP fetch can be blocked in CI.,APO,QRVO
2024-12-23,WDAY,"Workday, Inc.",AMTM,Amentum,Market capitalization change.,Wikipedia selected S&P 500 component changes bundled seed,https://en.wikipedia.org/wiki/List_of_S%26P_500_companies,2026-06-02,medium,Bundled seed copied from Wikipedia selected changes table because live HTTP fetch can be blocked in CI.,WDAY,AMTM
2024-12-23,LII,Lennox International,CTLT,Catalent,Novo Holdings A/S acquired Catalent.,Wikipedia selected S&P 500 component changes bundled seed,https://en.wikipedia.org/wiki/List_of_S%26P_500_companies,2026-06-02,medium,Bundled seed copied from Wikipedia selected changes table because live HTTP fetch can be blocked in CI.,LII,CTLT
2024-09-23,PLTR,Palantir Technologies,AAL,American Airlines Group,Market capitalization change.,Wikipedia selected S&P 500 component changes bundled seed,https://en.wikipedia.org/wiki/List_of_S%26P_500_companies,2026-06-02,medium,Bundled seed copied from Wikipedia selected changes table because live HTTP fetch can be blocked in CI.,PLTR,AAL
2024-09-23,DELL,Dell Technologies,ETSY,Etsy,Market capitalization change.,Wikipedia selected S&P 500 component changes bundled seed,https://en.wikipedia.org/wiki/List_of_S%26P_500_companies,2026-06-02,medium,Bundled seed copied from Wikipedia selected changes table because live HTTP fetch can be blocked in CI.,DELL,ETSY
2024-09-23,ERIE,Erie Indemnity,BIO,Bio-Rad Laboratories,Market capitalization change.,Wikipedia selected S&P 500 component changes bundled seed,https://en.wikipedia.org/wiki/List_of_S%26P_500_companies,2026-06-02,medium,Bundled seed copied from Wikipedia selected changes table because live HTTP fetch can be blocked in CI.,ERIE,BIO
2024-06-24,KKR,KKR,RHI,Robert Half,Market capitalization change.,Wikipedia selected S&P 500 component changes bundled seed,https://en.wikipedia.org/wiki/List_of_S%26P_500_companies,2026-06-02,medium,Bundled seed copied from Wikipedia selected changes table because live HTTP fetch can be blocked in CI.,KKR,RHI
2024-06-24,CRWD,CrowdStrike,CMA,Comerica,Market capitalization change.,Wikipedia selected S&P 500 component changes bundled seed,https://en.wikipedia.org/wiki/List_of_S%26P_500_companies,2026-06-02,medium,Bundled seed copied from Wikipedia selected changes table because live HTTP fetch can be blocked in CI.,CRWD,CMA
2024-06-24,GDDY,GoDaddy,ILMN,"Illumina, Inc.",Market capitalization change.,Wikipedia selected S&P 500 component changes bundled seed,https://en.wikipedia.org/wiki/List_of_S%26P_500_companies,2026-06-02,medium,Bundled seed copied from Wikipedia selected changes table because live HTTP fetch can be blocked in CI.,GDDY,ILMN
2024-05-08,VST,Vistra,PXD,Pioneer Natural Resources,S&P 500 and S&P 100 constituent ExxonMobil acquired Pioneer Natural Resources.,Wikipedia selected S&P 500 component changes bundled seed,https://en.wikipedia.org/wiki/List_of_S%26P_500_companies,2026-06-02,medium,Bundled seed copied from Wikipedia selected changes table because live HTTP fetch can be blocked in CI.,VST,PXD
2024-03-18,SMCI,Supermicro,WHR,Whirlpool Corporation,Market capitalization change.,Wikipedia selected S&P 500 component changes bundled seed,https://en.wikipedia.org/wiki/List_of_S%26P_500_companies,2026-06-02,medium,Bundled seed copied from Wikipedia selected changes table because live HTTP fetch can be blocked in CI.,SMCI,WHR
2024-03-18,DECK,Deckers Brands,ZION,Zions Bancorporation,Market capitalization change.,Wikipedia selected S&P 500 component changes bundled seed,https://en.wikipedia.org/wiki/List_of_S%26P_500_companies,2026-06-02,medium,Bundled seed copied from Wikipedia selected changes table because live HTTP fetch can be blocked in CI.,DECK,ZION
2023-12-18,UBER,Uber,SEE,Sealed Air,Market capitalization change.,Wikipedia selected S&P 500 component changes bundled seed,https://en.wikipedia.org/wiki/List_of_S%26P_500_companies,2026-06-02,medium,Bundled seed copied from Wikipedia selected changes table because live HTTP fetch can be blocked in CI.,UBER,SEE
2023-12-18,JBL,Jabil,ALK,Alaska Air Group,Market capitalization change.,Wikipedia selected S&P 500 component changes bundled seed,https://en.wikipedia.org/wiki/List_of_S%26P_500_companies,2026-06-02,medium,Bundled seed copied from Wikipedia selected changes table because live HTTP fetch can be blocked in CI.,JBL,ALK
2023-12-18,BLDR,Builders FirstSource,SEDG,SolarEdge,Market capitalization change.,Wikipedia selected S&P 500 component changes bundled seed,https://en.wikipedia.org/wiki/List_of_S%26P_500_companies,2026-06-02,medium,Bundled seed copied from Wikipedia selected changes table because live HTTP fetch can be blocked in CI.,BLDR,SEDG
2020-12-21,TSLA,Tesla,AIV,Apartment Investment & Management,Apartment Investment and Management (Aimco) spun off Apartment Income REIT.,Wikipedia selected S&P 500 component changes bundled seed,https://en.wikipedia.org/wiki/List_of_S%26P_500_companies,2026-06-02,medium,Bundled seed copied from Wikipedia selected changes table because live HTTP fetch can be blocked in CI.,TSLA,AIV
2020-10-07,POOL,Pool Corporation,ETFC,E-Trade,Morgan Stanley acquired E*Trade.,Wikipedia selected S&P 500 component changes bundled seed,https://en.wikipedia.org/wiki/List_of_S%26P_500_companies,2026-06-02,medium,Bundled seed copied from Wikipedia selected changes table because live HTTP fetch can be blocked in CI.,POOL,ETFC
2020-09-21,ETSY,Etsy,HRB,H&R Block,Market capitalization change.,Wikipedia selected S&P 500 component changes bundled seed,https://en.wikipedia.org/wiki/List_of_S%26P_500_companies,2026-06-02,medium,Bundled seed copied from Wikipedia selected changes table because live HTTP fetch can be blocked in CI.,ETSY,HRB
2020-06-22,BIO,Bio-Rad Laboratories,ADS,Alliance Data Systems,Market capitalization change.,Wikipedia selected S&P 500 component changes bundled seed,https://en.wikipedia.org/wiki/List_of_S%26P_500_companies,2026-06-02,medium,Bundled seed copied from Wikipedia selected changes table because live HTTP fetch can be blocked in CI.,BIO,ADS
2020-05-22,WST,West Pharmaceutical Services,HP,Helmerich & Payne,Market capitalization change.,Wikipedia selected S&P 500 component changes bundled seed,https://en.wikipedia.org/wiki/List_of_S%26P_500_companies,2026-06-02,medium,Bundled seed copied from Wikipedia selected changes table because live HTTP fetch can be blocked in CI.,WST,HP
